{
  "model_type": "regression",
  "model_name": "random_forest",
  "best_params": {
    "max_depth": 10,
    "min_samples_split": 10,
    "n_estimators": 200
  },
  "training_history": {
    "best_score": 0.27091785669776586,
    "best_params": {
      "max_depth": 10,
      "min_samples_split": 10,
      "n_estimators": 200
    },
    "cv_scores": {
      "mean_fit_time": "[0.19451895 0.4380559  0.829142   0.20484462 0.3683414  0.8529469\n 0.17979937 0.375876   0.75182495 0.26424942 0.53734732 0.92708025\n 0.23115001 0.48385253 0.78832026 0.17683592 0.34255843 0.7484395\n 0.22756515 0.45526505 0.90226302 0.23650026 0.43915133 0.76933403\n 0.16741662 0.34123421 0.6057426 ]",
      "std_fit_time": "[0.00497656 0.08259751 0.1335804  0.04445669 0.05097158 0.1665927\n 0.02275825 0.08012633 0.16405228 0.05294239 0.12135189 0.05520141\n 0.04093557 0.08318676 0.12247667 0.02237594 0.04763997 0.12323799\n 0.03875159 0.08203671 0.14415382 0.04282188 0.08376111 0.12205684\n 0.0303619  0.0550382  0.02993881]",
      "mean_score_time": "[0.01068091 0.020614   0.03866825 0.01279325 0.01907301 0.0382556\n 0.01062932 0.02133441 0.03934541 0.01208916 0.02844701 0.03933821\n 0.01154633 0.02344737 0.03246093 0.01072841 0.0181716  0.03539095\n 0.01329975 0.02180409 0.03464274 0.01179261 0.01954246 0.03321943\n 0.00981402 0.01782455 0.02273617]",
      "std_score_time": "[0.00063735 0.00473275 0.01035033 0.0033513  0.00481449 0.00811892\n 0.0004781  0.00537689 0.01139479 0.00175185 0.00534139 0.0046782\n 0.00194617 0.00468411 0.00465781 0.00174593 0.00132046 0.00619105\n 0.00339796 0.00320079 0.00514743 0.00233906 0.00333123 0.00418022\n 0.00116508 0.00374453 0.00481024]",
      "param_max_depth": "[10 10 10 10 10 10 10 10 10 20 20 20 20 20 20 20 20 20 None None None None\n None None None None None]",
      "param_min_samples_split": "[2 2 2 5 5 5 10 10 10 2 2 2 5 5 5 10 10 10 2 2 2 5 5 5 10 10 10]",
      "param_n_estimators": "[50 100 200 50 100 200 50 100 200 50 100 200 50 100 200 50 100 200 50 100\n 200 50 100 200 50 100 200]",
      "params": [
        {
          "max_depth": 10,
          "min_samples_split": 2,
          "n_estimators": 50
        },
        {
          "max_depth": 10,
          "min_samples_split": 2,
          "n_estimators": 100
        },
        {
          "max_depth": 10,
          "min_samples_split": 2,
          "n_estimators": 200
        },
        {
          "max_depth": 10,
          "min_samples_split": 5,
          "n_estimators": 50
        },
        {
          "max_depth": 10,
          "min_samples_split": 5,
          "n_estimators": 100
        },
        {
          "max_depth": 10,
          "min_samples_split": 5,
          "n_estimators": 200
        },
        {
          "max_depth": 10,
          "min_samples_split": 10,
          "n_estimators": 50
        },
        {
          "max_depth": 10,
          "min_samples_split": 10,
          "n_estimators": 100
        },
        {
          "max_depth": 10,
          "min_samples_split": 10,
          "n_estimators": 200
        },
        {
          "max_depth": 20,
          "min_samples_split": 2,
          "n_estimators": 50
        },
        {
          "max_depth": 20,
          "min_samples_split": 2,
          "n_estimators": 100
        },
        {
          "max_depth": 20,
          "min_samples_split": 2,
          "n_estimators": 200
        },
        {
          "max_depth": 20,
          "min_samples_split": 5,
          "n_estimators": 50
        },
        {
          "max_depth": 20,
          "min_samples_split": 5,
          "n_estimators": 100
        },
        {
          "max_depth": 20,
          "min_samples_split": 5,
          "n_estimators": 200
        },
        {
          "max_depth": 20,
          "min_samples_split": 10,
          "n_estimators": 50
        },
        {
          "max_depth": 20,
          "min_samples_split": 10,
          "n_estimators": 100
        },
        {
          "max_depth": 20,
          "min_samples_split": 10,
          "n_estimators": 200
        },
        {
          "max_depth": null,
          "min_samples_split": 2,
          "n_estimators": 50
        },
        {
          "max_depth": null,
          "min_samples_split": 2,
          "n_estimators": 100
        },
        {
          "max_depth": null,
          "min_samples_split": 2,
          "n_estimators": 200
        },
        {
          "max_depth": null,
          "min_samples_split": 5,
          "n_estimators": 50
        },
        {
          "max_depth": null,
          "min_samples_split": 5,
          "n_estimators": 100
        },
        {
          "max_depth": null,
          "min_samples_split": 5,
          "n_estimators": 200
        },
        {
          "max_depth": null,
          "min_samples_split": 10,
          "n_estimators": 50
        },
        {
          "max_depth": null,
          "min_samples_split": 10,
          "n_estimators": 100
        },
        {
          "max_depth": null,
          "min_samples_split": 10,
          "n_estimators": 200
        }
      ],
      "split0_test_score": "[0.39036912 0.38160252 0.38018305 0.36914805 0.36952287 0.37622866\n 0.36425721 0.36471055 0.37150776 0.39131926 0.38694939 0.38784379\n 0.3874939  0.38791737 0.38797676 0.36164342 0.36716052 0.37433087\n 0.38817196 0.38628213 0.38764889 0.3874939  0.38765396 0.38707884\n 0.36164342 0.36716052 0.37433264]",
      "split1_test_score": "[0.19117121 0.22196781 0.21929052 0.19769206 0.22111234 0.21060425\n 0.20990015 0.21765426 0.2140543  0.19962458 0.23131646 0.21755194\n 0.18592026 0.21788446 0.21070467 0.21065391 0.21947308 0.21250418\n 0.19958289 0.23109593 0.21726192 0.18592026 0.21785264 0.21068549\n 0.21065391 0.21947308 0.21250418]",
      "split2_test_score": "[0.22570709 0.24848764 0.2569128  0.24096876 0.2530932  0.25307084\n 0.26078914 0.26161265 0.26708055 0.2462829  0.25119305 0.25455366\n 0.22778628 0.24920421 0.25229269 0.25184063 0.25923545 0.26419768\n 0.24732597 0.25162849 0.25503929 0.22862911 0.249598   0.25262644\n 0.25185165 0.25924086 0.26420027]",
      "split3_test_score": "[0.22618595 0.25140676 0.26382154 0.21334872 0.23619571 0.24617886\n 0.23422548 0.24727927 0.25829831 0.23106422 0.24336064 0.24451745\n 0.20966466 0.2334978  0.24784414 0.23537146 0.24334586 0.25544207\n 0.23106422 0.24336064 0.2444107  0.20966466 0.2334978  0.24804037\n 0.23537146 0.24334586 0.25544207]",
      "split4_test_score": "[0.15064589 0.17185018 0.20850563 0.16582501 0.18629027 0.21825571\n 0.21543928 0.22402869 0.24364837 0.13714602 0.16289667 0.19457376\n 0.15336731 0.16974205 0.20408061 0.21010481 0.21487376 0.23943083\n 0.1302439  0.15873742 0.19251089 0.15352822 0.16981062 0.20411086\n 0.21010481 0.21487376 0.23943083]",
      "mean_test_score": "[0.23681585 0.25506298 0.26574271 0.23739652 0.25324288 0.26086766\n 0.25692225 0.26305708 0.27091786 0.2410874  0.25514324 0.25980812\n 0.23284648 0.25164918 0.26057978 0.25392285 0.26081773 0.26918113\n 0.23927779 0.25422092 0.25937434 0.23304723 0.2516826  0.2605084\n 0.25392505 0.26081882 0.269182  ]",
      "std_test_score": "[0.08163786 0.06940968 0.0610117  0.07021175 0.06217184 0.05987804\n 0.05653813 0.05323361 0.05342171 0.08392859 0.07294442 0.06737307\n 0.08123772 0.07314821 0.06654404 0.05611494 0.05556399 0.05543901\n 0.08457634 0.07377899 0.06773661 0.08119638 0.07303524 0.06618256\n 0.05611486 0.05556396 0.05543964]",
      "rank_test_score": "[25 15  4 24 19  6 13  5  1 22 14 11 27 21  9 18  8  3 23 16 12 26 20 10\n 17  7  2]"
    }
  },
  "saved_at": "2025-12-11T22:39:24.703938"
}