{
  "model_type": "regression",
  "model_name": "random_forest",
  "best_params": {
    "max_depth": 10,
    "min_samples_split": 10,
    "n_estimators": 200
  },
  "training_history": {
    "best_score": 0.27091785669776586,
    "best_params": {
      "max_depth": 10,
      "min_samples_split": 10,
      "n_estimators": 200
    },
    "cv_scores": {
      "mean_fit_time": "[0.18140039 0.36104236 0.69147043 0.15963907 0.31334867 0.62089276\n 0.17091284 0.30696573 0.68710861 0.23909388 0.38997936 0.72394009\n 0.15753498 0.31207123 0.6159544  0.15250297 0.27531166 0.51993394\n 0.17515388 0.35903525 0.70243025 0.16243596 0.31575623 0.63771167\n 0.15266533 0.26806574 0.50361772]",
      "std_fit_time": "[0.0052209  0.02243261 0.02564073 0.00741627 0.03294352 0.08360459\n 0.02704693 0.04258699 0.02384286 0.01883119 0.02272513 0.03175004\n 0.01003076 0.008441   0.01089737 0.02013193 0.01210211 0.01441008\n 0.0049136  0.01751984 0.02660234 0.0097827  0.01314427 0.0144641\n 0.01062697 0.00534417 0.02010039]",
      "mean_score_time": "[0.01070013 0.0150651  0.03236513 0.00861907 0.01633258 0.02659936\n 0.00828676 0.01518383 0.02524948 0.01287546 0.01512351 0.02838535\n 0.00806756 0.01460385 0.02496824 0.00937686 0.01528144 0.0253159\n 0.00897079 0.0145041  0.02842917 0.00842242 0.01447144 0.02688918\n 0.00881886 0.01404943 0.01984763]",
      "std_score_time": "[0.0020839  0.00097298 0.005665   0.00053659 0.00256504 0.00123505\n 0.00060724 0.0012888  0.0007967  0.00386712 0.00142754 0.00177097\n 0.00015774 0.00145742 0.00069946 0.00090468 0.00110692 0.00120529\n 0.0008159  0.00057208 0.00100106 0.00023588 0.00117161 0.00153484\n 0.00089022 0.00067509 0.00346918]",
      "param_max_depth": "[10 10 10 10 10 10 10 10 10 20 20 20 20 20 20 20 20 20 None None None None\n None None None None None]",
      "param_min_samples_split": "[2 2 2 5 5 5 10 10 10 2 2 2 5 5 5 10 10 10 2 2 2 5 5 5 10 10 10]",
      "param_n_estimators": "[50 100 200 50 100 200 50 100 200 50 100 200 50 100 200 50 100 200 50 100\n 200 50 100 200 50 100 200]",
      "params": [
        {
          "max_depth": 10,
          "min_samples_split": 2,
          "n_estimators": 50
        },
        {
          "max_depth": 10,
          "min_samples_split": 2,
          "n_estimators": 100
        },
        {
          "max_depth": 10,
          "min_samples_split": 2,
          "n_estimators": 200
        },
        {
          "max_depth": 10,
          "min_samples_split": 5,
          "n_estimators": 50
        },
        {
          "max_depth": 10,
          "min_samples_split": 5,
          "n_estimators": 100
        },
        {
          "max_depth": 10,
          "min_samples_split": 5,
          "n_estimators": 200
        },
        {
          "max_depth": 10,
          "min_samples_split": 10,
          "n_estimators": 50
        },
        {
          "max_depth": 10,
          "min_samples_split": 10,
          "n_estimators": 100
        },
        {
          "max_depth": 10,
          "min_samples_split": 10,
          "n_estimators": 200
        },
        {
          "max_depth": 20,
          "min_samples_split": 2,
          "n_estimators": 50
        },
        {
          "max_depth": 20,
          "min_samples_split": 2,
          "n_estimators": 100
        },
        {
          "max_depth": 20,
          "min_samples_split": 2,
          "n_estimators": 200
        },
        {
          "max_depth": 20,
          "min_samples_split": 5,
          "n_estimators": 50
        },
        {
          "max_depth": 20,
          "min_samples_split": 5,
          "n_estimators": 100
        },
        {
          "max_depth": 20,
          "min_samples_split": 5,
          "n_estimators": 200
        },
        {
          "max_depth": 20,
          "min_samples_split": 10,
          "n_estimators": 50
        },
        {
          "max_depth": 20,
          "min_samples_split": 10,
          "n_estimators": 100
        },
        {
          "max_depth": 20,
          "min_samples_split": 10,
          "n_estimators": 200
        },
        {
          "max_depth": null,
          "min_samples_split": 2,
          "n_estimators": 50
        },
        {
          "max_depth": null,
          "min_samples_split": 2,
          "n_estimators": 100
        },
        {
          "max_depth": null,
          "min_samples_split": 2,
          "n_estimators": 200
        },
        {
          "max_depth": null,
          "min_samples_split": 5,
          "n_estimators": 50
        },
        {
          "max_depth": null,
          "min_samples_split": 5,
          "n_estimators": 100
        },
        {
          "max_depth": null,
          "min_samples_split": 5,
          "n_estimators": 200
        },
        {
          "max_depth": null,
          "min_samples_split": 10,
          "n_estimators": 50
        },
        {
          "max_depth": null,
          "min_samples_split": 10,
          "n_estimators": 100
        },
        {
          "max_depth": null,
          "min_samples_split": 10,
          "n_estimators": 200
        }
      ],
      "split0_test_score": "[0.39036912 0.38160252 0.38018305 0.36914805 0.36952287 0.37622866\n 0.36425721 0.36471055 0.37150776 0.39131926 0.38694939 0.38784379\n 0.3874939  0.38791737 0.38797676 0.36164342 0.36716052 0.37433087\n 0.38817196 0.38628213 0.38764889 0.3874939  0.38765396 0.38707884\n 0.36164342 0.36716052 0.37433264]",
      "split1_test_score": "[0.19117121 0.22196781 0.21929052 0.19769206 0.22111234 0.21060425\n 0.20990015 0.21765426 0.2140543  0.19962458 0.23131646 0.21755194\n 0.18592026 0.21788446 0.21070467 0.21065391 0.21947308 0.21250418\n 0.19958289 0.23109593 0.21726192 0.18592026 0.21785264 0.21068549\n 0.21065391 0.21947308 0.21250418]",
      "split2_test_score": "[0.22570709 0.24848764 0.2569128  0.24096876 0.2530932  0.25307084\n 0.26078914 0.26161265 0.26708055 0.2462829  0.25119305 0.25455366\n 0.22778628 0.24920421 0.25229269 0.25184063 0.25923545 0.26419768\n 0.24732597 0.25162849 0.25503929 0.22862911 0.249598   0.25262644\n 0.25185165 0.25924086 0.26420027]",
      "split3_test_score": "[0.22618595 0.25140676 0.26382154 0.21334872 0.23619571 0.24617886\n 0.23422548 0.24727927 0.25829831 0.23106422 0.24336064 0.24451745\n 0.20966466 0.2334978  0.24784414 0.23537146 0.24334586 0.25544207\n 0.23106422 0.24336064 0.2444107  0.20966466 0.2334978  0.24804037\n 0.23537146 0.24334586 0.25544207]",
      "split4_test_score": "[0.15064589 0.17185018 0.20850563 0.16582501 0.18629027 0.21825571\n 0.21543928 0.22402869 0.24364837 0.13714602 0.16289667 0.19457376\n 0.15336731 0.16974205 0.20408061 0.21010481 0.21487376 0.23943083\n 0.1302439  0.15873742 0.19251089 0.15352822 0.16981062 0.20411086\n 0.21010481 0.21487376 0.23943083]",
      "mean_test_score": "[0.23681585 0.25506298 0.26574271 0.23739652 0.25324288 0.26086766\n 0.25692225 0.26305708 0.27091786 0.2410874  0.25514324 0.25980812\n 0.23284648 0.25164918 0.26057978 0.25392285 0.26081773 0.26918113\n 0.23927779 0.25422092 0.25937434 0.23304723 0.2516826  0.2605084\n 0.25392505 0.26081882 0.269182  ]",
      "std_test_score": "[0.08163786 0.06940968 0.0610117  0.07021175 0.06217184 0.05987804\n 0.05653813 0.05323361 0.05342171 0.08392859 0.07294442 0.06737307\n 0.08123772 0.07314821 0.06654404 0.05611494 0.05556399 0.05543901\n 0.08457634 0.07377899 0.06773661 0.08119638 0.07303524 0.06618256\n 0.05611486 0.05556396 0.05543964]",
      "rank_test_score": "[25 15  4 24 19  6 13  5  1 22 14 11 27 21  9 18  8  3 23 16 12 26 20 10\n 17  7  2]"
    }
  },
  "saved_at": "2025-12-13T15:47:10.811168"
}