{
  "model_type": "regression",
  "model_name": "random_forest",
  "best_params": {
    "max_depth": 10,
    "min_samples_split": 10,
    "n_estimators": 200
  },
  "training_history": {
    "best_score": 0.27091785669776586,
    "best_params": {
      "max_depth": 10,
      "min_samples_split": 10,
      "n_estimators": 200
    },
    "cv_scores": {
      "mean_fit_time": "[0.26033902 0.50901666 0.86163354 0.18801289 0.33419089 0.77344031\n 0.15757174 0.29628992 0.65964108 0.2158401  0.52194557 0.93756366\n 0.20076933 0.43023267 0.91566343 0.22040501 0.36137094 0.74643922\n 0.26632938 0.46272144 0.92485223 0.20258627 0.47497296 0.84080243\n 0.20791678 0.49681153 0.73354645]",
      "std_fit_time": "[0.08719344 0.1135848  0.12748914 0.02538975 0.00615527 0.13393517\n 0.00721215 0.00447956 0.1232856  0.0294885  0.09437506 0.14943184\n 0.02947316 0.03894741 0.11690134 0.02519052 0.05612687 0.08807557\n 0.03924125 0.05166691 0.12307504 0.01872121 0.08305007 0.05345233\n 0.04172441 0.06840103 0.06523963]",
      "mean_score_time": "[0.0162528  0.02114587 0.03769736 0.01127391 0.01694398 0.03313661\n 0.0088028  0.01718082 0.03466005 0.01240797 0.01936121 0.03975239\n 0.01113887 0.0232192  0.03832245 0.01139293 0.01970477 0.03660593\n 0.01377311 0.01913376 0.03516436 0.01068778 0.02457981 0.04080858\n 0.01631556 0.01974983 0.02682271]",
      "std_score_time": "[0.00130242 0.00279459 0.00812869 0.00147875 0.00047151 0.00391855\n 0.00059413 0.00096615 0.00088975 0.00351463 0.00170822 0.00807116\n 0.0030678  0.00295812 0.00458293 0.00092987 0.00217349 0.00685789\n 0.0017429  0.00089132 0.0049302  0.00183885 0.00668728 0.00596694\n 0.00650715 0.00286455 0.00103111]",
      "param_max_depth": "[10 10 10 10 10 10 10 10 10 20 20 20 20 20 20 20 20 20 None None None None\n None None None None None]",
      "param_min_samples_split": "[2 2 2 5 5 5 10 10 10 2 2 2 5 5 5 10 10 10 2 2 2 5 5 5 10 10 10]",
      "param_n_estimators": "[50 100 200 50 100 200 50 100 200 50 100 200 50 100 200 50 100 200 50 100\n 200 50 100 200 50 100 200]",
      "params": [
        {
          "max_depth": 10,
          "min_samples_split": 2,
          "n_estimators": 50
        },
        {
          "max_depth": 10,
          "min_samples_split": 2,
          "n_estimators": 100
        },
        {
          "max_depth": 10,
          "min_samples_split": 2,
          "n_estimators": 200
        },
        {
          "max_depth": 10,
          "min_samples_split": 5,
          "n_estimators": 50
        },
        {
          "max_depth": 10,
          "min_samples_split": 5,
          "n_estimators": 100
        },
        {
          "max_depth": 10,
          "min_samples_split": 5,
          "n_estimators": 200
        },
        {
          "max_depth": 10,
          "min_samples_split": 10,
          "n_estimators": 50
        },
        {
          "max_depth": 10,
          "min_samples_split": 10,
          "n_estimators": 100
        },
        {
          "max_depth": 10,
          "min_samples_split": 10,
          "n_estimators": 200
        },
        {
          "max_depth": 20,
          "min_samples_split": 2,
          "n_estimators": 50
        },
        {
          "max_depth": 20,
          "min_samples_split": 2,
          "n_estimators": 100
        },
        {
          "max_depth": 20,
          "min_samples_split": 2,
          "n_estimators": 200
        },
        {
          "max_depth": 20,
          "min_samples_split": 5,
          "n_estimators": 50
        },
        {
          "max_depth": 20,
          "min_samples_split": 5,
          "n_estimators": 100
        },
        {
          "max_depth": 20,
          "min_samples_split": 5,
          "n_estimators": 200
        },
        {
          "max_depth": 20,
          "min_samples_split": 10,
          "n_estimators": 50
        },
        {
          "max_depth": 20,
          "min_samples_split": 10,
          "n_estimators": 100
        },
        {
          "max_depth": 20,
          "min_samples_split": 10,
          "n_estimators": 200
        },
        {
          "max_depth": null,
          "min_samples_split": 2,
          "n_estimators": 50
        },
        {
          "max_depth": null,
          "min_samples_split": 2,
          "n_estimators": 100
        },
        {
          "max_depth": null,
          "min_samples_split": 2,
          "n_estimators": 200
        },
        {
          "max_depth": null,
          "min_samples_split": 5,
          "n_estimators": 50
        },
        {
          "max_depth": null,
          "min_samples_split": 5,
          "n_estimators": 100
        },
        {
          "max_depth": null,
          "min_samples_split": 5,
          "n_estimators": 200
        },
        {
          "max_depth": null,
          "min_samples_split": 10,
          "n_estimators": 50
        },
        {
          "max_depth": null,
          "min_samples_split": 10,
          "n_estimators": 100
        },
        {
          "max_depth": null,
          "min_samples_split": 10,
          "n_estimators": 200
        }
      ],
      "split0_test_score": "[0.39036912 0.38160252 0.38018305 0.36914805 0.36952287 0.37622866\n 0.36425721 0.36471055 0.37150776 0.39131926 0.38694939 0.38784379\n 0.3874939  0.38791737 0.38797676 0.36164342 0.36716052 0.37433087\n 0.38817196 0.38628213 0.38764889 0.3874939  0.38765396 0.38707884\n 0.36164342 0.36716052 0.37433264]",
      "split1_test_score": "[0.19117121 0.22196781 0.21929052 0.19769206 0.22111234 0.21060425\n 0.20990015 0.21765426 0.2140543  0.19962458 0.23131646 0.21755194\n 0.18592026 0.21788446 0.21070467 0.21065391 0.21947308 0.21250418\n 0.19958289 0.23109593 0.21726192 0.18592026 0.21785264 0.21068549\n 0.21065391 0.21947308 0.21250418]",
      "split2_test_score": "[0.22570709 0.24848764 0.2569128  0.24096876 0.2530932  0.25307084\n 0.26078914 0.26161265 0.26708055 0.2462829  0.25119305 0.25455366\n 0.22778628 0.24920421 0.25229269 0.25184063 0.25923545 0.26419768\n 0.24732597 0.25162849 0.25503929 0.22862911 0.249598   0.25262644\n 0.25185165 0.25924086 0.26420027]",
      "split3_test_score": "[0.22618595 0.25140676 0.26382154 0.21334872 0.23619571 0.24617886\n 0.23422548 0.24727927 0.25829831 0.23106422 0.24336064 0.24451745\n 0.20966466 0.2334978  0.24784414 0.23537146 0.24334586 0.25544207\n 0.23106422 0.24336064 0.2444107  0.20966466 0.2334978  0.24804037\n 0.23537146 0.24334586 0.25544207]",
      "split4_test_score": "[0.15064589 0.17185018 0.20850563 0.16582501 0.18629027 0.21825571\n 0.21543928 0.22402869 0.24364837 0.13714602 0.16289667 0.19457376\n 0.15336731 0.16974205 0.20408061 0.21010481 0.21487376 0.23943083\n 0.1302439  0.15873742 0.19251089 0.15352822 0.16981062 0.20411086\n 0.21010481 0.21487376 0.23943083]",
      "mean_test_score": "[0.23681585 0.25506298 0.26574271 0.23739652 0.25324288 0.26086766\n 0.25692225 0.26305708 0.27091786 0.2410874  0.25514324 0.25980812\n 0.23284648 0.25164918 0.26057978 0.25392285 0.26081773 0.26918113\n 0.23927779 0.25422092 0.25937434 0.23304723 0.2516826  0.2605084\n 0.25392505 0.26081882 0.269182  ]",
      "std_test_score": "[0.08163786 0.06940968 0.0610117  0.07021175 0.06217184 0.05987804\n 0.05653813 0.05323361 0.05342171 0.08392859 0.07294442 0.06737307\n 0.08123772 0.07314821 0.06654404 0.05611494 0.05556399 0.05543901\n 0.08457634 0.07377899 0.06773661 0.08119638 0.07303524 0.06618256\n 0.05611486 0.05556396 0.05543964]",
      "rank_test_score": "[25 15  4 24 19  6 13  5  1 22 14 11 27 21  9 18  8  3 23 16 12 26 20 10\n 17  7  2]"
    }
  },
  "saved_at": "2025-12-12T23:48:06.336810"
}